sheet,row,id,indicator,score,evidence,source,notes
P1 Strategy & Vision,5,S1.1,National AI strategy existence,3.0,"SNIA was formally adopted on July 7 2025, and unveiled at CONIA 2025 by Minister of Posts and Telecommunications Minette Libom Li Likeng",1-https://oecd.ai/en/dashboards/policy-initiatives/cameroons-national-artificial-intelligence-strategy-snia  2-       ,"Adopted but implementing institutions (AI Authority, Presidential Council) still being established"
P1 Strategy & Vision,6,S1.2,Strategy adoption date,3.0,July 2025 ,https://techafricanews.com/2025/07/08/cameroon-unveils-2040-ai-roadmap-anchored-on-seven-strategic-pillars/,at CONIA 2025 closing
P1 Strategy & Vision,7,S1.3,Political commitment signals,3.0,Ministerial launch by Minister of Posts & Telecom; CONIA 2025 convened 400+ stakeholders; IMF AI Preparedness score 0.34/1 cited as motivation,https://www.cameroononline.org/cameroon-unveils-seven-pillar-ai-strategy-to-become-africas-leading-hub-by-2040/,Presidential-level decree not yet confirmed; ministerial statements are formal institutional actions
P1 Strategy & Vision,8,S1.4,Dedicated AI budget allocation,1.0,World Bank-funded PATNUC supports agritech innovation (up to CFA40M per startup); no confirmed ring-fenced national AI budget line,https://www.businessincameroon.com/agriculture/0503-15856-cameroon-launches-second-agritech-innovation-challenge,AI investment largely embedded within ICT/telecom ministry budget
P1 Strategy & Vision,9,S1.5,AU Continental AI Strategy alignment,,,,
P1 Strategy & Vision,10,S1.6,Multi-stakeholder consultation,,,,
P1 Strategy & Vision,11,S1.7,Sector prioritisation,,,,
P1 Strategy & Vision,12,S1.8,Implementation roadmap,,,,
P1 Strategy & Vision,13,S1.9,Monitoring and evaluation framework,,,,
P1 Strategy & Vision,14,S1.10,Strategy review mechanism,,,,
P2 Governance & Regulation,5,G2.1,AI-specific legislation,1.0,No AI-specific law enacted; SNIA calls for a framework AI law; cybersecurity law (Law No. 2010/012) exists,https://www.researchgate.net/publication/401213115_Strategic_Introduction_of_Artificial_Intelligence_In_Cameroon_Public_Administration,AI legislation flagged as next step under SNIA governance pillar; under discussion stage
P2 Governance & Regulation,6,G2.2,Data protection law status,3.0,Law No. 2024/017 of 23 December 2024 enacted; 18-month compliance transition ending June 2026; 38th African country,https://pollicy.medium.com/key-features-of-law-2024-017-on-personal-data-protection-in-cameroon-5ee06f79dd1a,Law enacted; ADCP supervisory authority mandated but not yet confirmed as fully staffed
P2 Governance & Regulation,7,G2.3,DPA AI mandate,2.0,Law 2024/017 establishes ADCP with mandate to regulate data processing including automated decisions,https://www.africanlawbusiness.com/expert-views/key-features-of-cameroons-new-data-protection-law/,DPA structurally exists; AI-specific mandate not explicit; ANTIC retains ICT/cybersecurity oversight
P2 Governance & Regulation,8,G2.4,DPA staffing and budget,0.0,ADCP not yet publicly confirmed as operationally staffed; no published budget data,Gap — ADCP not yet fully operational,18-month transition still active; critical capacity gap
P2 Governance & Regulation,9,G2.5,AI regulatory body existence,,,,
P2 Governance & Regulation,10,G2.6,Institutional design model,,,,
P2 Governance & Regulation,11,G2.7,Malabo Convention ratification,,,,
P2 Governance & Regulation,12,G2.8,Enforcement actions taken,,,,
P2 Governance & Regulation,13,G2.9,Extraterritorial provisions,,,,
P2 Governance & Regulation,14,G2.10,IP framework for AI,,,,
P3 Infrastructure & Data,5,I3.1,Data center count,,,,
P3 Infrastructure & Data,6,I3.2,Data center capacity (MW),,,,
P3 Infrastructure & Data,7,I3.3,Submarine cable landing points,,,,
P3 Infrastructure & Data,8,I3.4,International bandwidth (Gbps),,,,
P3 Infrastructure & Data,9,I3.5,Hyperscaler presence,,,,
P3 Infrastructure & Data,10,I3.6,GPU/HPC access,,,,
P3 Infrastructure & Data,11,I3.7,Data localisation provisions,,,,
P3 Infrastructure & Data,12,I3.8,Cross-border data flow framework,,,,
P3 Infrastructure & Data,13,I3.9,Foreign AI surveillance spending,,,,
P3 Infrastructure & Data,14,I3.10,Sovereign cloud initiatives,,,,
P4 Human Capital,5,H4.1,AI researchers per million,,,,
P4 Human Capital,6,H4.2,DPA staff with AI competency,,,,
P4 Human Capital,7,H4.3,University AI programs,,,,
P4 Human Capital,8,H4.4,African-authored AI publications,,,,
P4 Human Capital,9,H4.5,AI patents filed,,,,
P4 Human Capital,10,H4.6,K-12 CS education,,,,
P4 Human Capital,11,H4.7,AI workforce training programs,,,,
P4 Human Capital,12,H4.8,Labour transition policy,,,,
P4 Human Capital,13,H4.9,Informal economy AI assessment,,,,
P4 Human Capital,14,H4.10,African language NLP coverage,,,,
P5 Innovation & Ecosystem,5,N5.1,AI companies count,,,,
P5 Innovation & Ecosystem,6,N5.2,Private AI investment (USD),,,,
P5 Innovation & Ecosystem,7,N5.3,AI incubators/accelerators,,,,
P5 Innovation & Ecosystem,8,N5.4,Regulatory sandbox (AI),,,,
P5 Innovation & Ecosystem,9,N5.5,Government AI procurement,,,,
P5 Innovation & Ecosystem,10,N5.6,AI safety evaluation capacity,,,,
P5 Innovation & Ecosystem,11,N5.7,ISO/IEC 42001 adoption,,,,
P5 Innovation & Ecosystem,12,N5.8,Standards body AI competency,,,,
P5 Innovation & Ecosystem,13,N5.9,AI risk assessment frameworks,,,,
P5 Innovation & Ecosystem,14,N5.10,University-industry AI partnerships,,,,
P6 Ethics & Inclusion,5,E6.1,Algorithmic impact assessment,,,,
P6 Ethics & Inclusion,6,E6.2,Bias audit requirements,,,,
P6 Ethics & Inclusion,7,E6.3,Transparency obligations,,,,
P6 Ethics & Inclusion,8,E6.4,Citizen redress mechanism,,,,
P6 Ethics & Inclusion,9,E6.5,Judicial AI remedy,,,,
P6 Ethics & Inclusion,10,E6.6,AI advisory body diversity,,,,
P6 Ethics & Inclusion,11,E6.7,Global AI governance participation,,,,
P6 Ethics & Inclusion,12,E6.8,Civil society AI engagement,,,,
P6 Ethics & Inclusion,13,E6.9,African ethical framework reference,,,,
P6 Ethics & Inclusion,14,E6.10,Youth participation,,,,
P7 Regional Integration,5,R7.1,AU AI Strategy alignment,,,,
P7 Regional Integration,6,R7.2,Kigali Declaration endorsement,,,,
P7 Regional Integration,7,R7.3,REC AI governance coordination,,,,
P7 Regional Integration,8,R7.4,Cross-border AI agreements,,,,
P7 Regional Integration,9,R7.5,Election integrity AI provisions,,,,
P7 Regional Integration,10,R7.6,Disinformation response framework,,,,
P7 Regional Integration,11,R7.7,AI election incidents documented,,,,
P7 Regional Integration,12,R7.8,Platform content moderation,,,,
P7 Regional Integration,13,R7.9,Geneva Dialogue participation,,,,
P7 Regional Integration,14,R7.10,G20/multilateral AI engagement,,,,
P8 Implementation & Impact,5,M8.1,AI governance budget disbursed,,,,
P8 Implementation & Impact,6,M8.2,Health AI regulation,,,,
P8 Implementation & Impact,7,M8.3,Health AI devices approved,,,,
P8 Implementation & Impact,8,M8.4,Government AI system registry,,,,
P8 Implementation & Impact,9,M8.5,AI governance M&E reports,,,,
P8 Implementation & Impact,10,M8.6,Agriculture AI governance,,,,
P8 Implementation & Impact,11,M8.7,Financial services AI governance,,,,
P8 Implementation & Impact,12,M8.8,Education AI governance,,,,
P8 Implementation & Impact,13,M8.9,Measurable governance outcomes,,,,
P8 Implementation & Impact,14,M8.10,WHO AI health guidance adoption,,,,
